0, 6040.444017, 6045.564017, 6765.762124, 6770.882124,0
1, 6045.564017, 6050.684017, 6765.762124, 6770.882124,0
2, 6050.684017, 6055.804017, 6765.762124, 6770.882124,0
3, 6055.804017, 6060.924017, 6765.762124, 6770.882124,0
4, 6060.924017, 6066.044017, 6765.762124, 6770.882124,0
5, 6066.044017, 6071.164017, 6765.762124, 6770.882124,0
6, 6071.164017, 6076.28401700001, 6765.762124, 6770.882124,0
7, 6076.28401700001, 6081.40401700001, 6765.762124, 6770.882124,0
8, 6081.40401700001, 6086.52401700001, 6765.762124, 6770.882124,0
9, 6086.52401700001, 6091.64401700001, 6765.762124, 6770.882124,0
10, 6091.64401700001, 6096.76401700001, 6765.762124, 6770.882124,0
11, 6096.76401700001, 6101.88401700001, 6765.762124, 6770.882124,0
12, 6101.88401700001, 6107.00401700001, 6765.762124, 6770.882124,0
13, 6107.00401700001, 6112.12401700001, 6765.762124, 6770.882124,0
14, 6112.12401700001, 6117.24401700001, 6765.762124, 6770.882124,0
15, 6117.24401700001, 6122.36401700001, 6765.762124, 6770.882124,0
16, 6122.36401700001, 6127.48401700001, 6765.762124, 6770.882124,0
17, 6127.48401700001, 6132.60401700001, 6765.762124, 6770.882124,0
18, 6132.60401700001, 6137.72401700002, 6765.762124, 6770.882124,0
19, 6137.72401700002, 6142.84401700002, 6765.762124, 6770.882124,0
20, 6040.444017, 6045.564017, 6770.882124, 6776.002124,0
21, 6045.564017, 6050.684017, 6770.882124, 6776.002124,0
22, 6050.684017, 6055.804017, 6770.882124, 6776.002124,0
23, 6055.804017, 6060.924017, 6770.882124, 6776.002124,0
24, 6060.924017, 6066.044017, 6770.882124, 6776.002124,0
25, 6066.044017, 6071.164017, 6770.882124, 6776.002124,0
26, 6071.164017, 6076.28401700001, 6770.882124, 6776.002124,0
27, 6076.28401700001, 6081.40401700001, 6770.882124, 6776.002124,0
28, 6081.40401700001, 6086.52401700001, 6770.882124, 6776.002124,0
29, 6086.52401700001, 6091.64401700001, 6770.882124, 6776.002124,0
30, 6091.64401700001, 6096.76401700001, 6770.882124, 6776.002124,0
31, 6096.76401700001, 6101.88401700001, 6770.882124, 6776.002124,0
32, 6101.88401700001, 6107.00401700001, 6770.882124, 6776.002124,0
33, 6107.00401700001, 6112.12401700001, 6770.882124, 6776.002124,0
34, 6112.12401700001, 6117.24401700001, 6770.882124, 6776.002124,0
35, 6117.24401700001, 6122.36401700001, 6770.882124, 6776.002124,0
36, 6122.36401700001, 6127.48401700001, 6770.882124, 6776.002124,0
37, 6127.48401700001, 6132.60401700001, 6770.882124, 6776.002124,0
38, 6132.60401700001, 6137.72401700002, 6770.882124, 6776.002124,0
39, 6137.72401700002, 6142.84401700002, 6770.882124, 6776.002124,0
40, 6040.444017, 6045.564017, 6776.002124, 6781.122124,0
41, 6045.564017, 6050.684017, 6776.002124, 6781.122124,0
42, 6050.684017, 6055.804017, 6776.002124, 6781.122124,0
43, 6055.804017, 6060.924017, 6776.002124, 6781.122124,0
44, 6060.924017, 6066.044017, 6776.002124, 6781.122124,0
45, 6066.044017, 6071.164017, 6776.002124, 6781.122124,0
46, 6071.164017, 6076.28401700001, 6776.002124, 6781.122124,0
47, 6076.28401700001, 6081.40401700001, 6776.002124, 6781.122124,0
48, 6081.40401700001, 6086.52401700001, 6776.002124, 6781.122124,0
49, 6086.52401700001, 6091.64401700001, 6776.002124, 6781.122124,0
50, 6091.64401700001, 6096.76401700001, 6776.002124, 6781.122124,0
51, 6096.76401700001, 6101.88401700001, 6776.002124, 6781.122124,0
52, 6101.88401700001, 6107.00401700001, 6776.002124, 6781.122124,0
53, 6107.00401700001, 6112.12401700001, 6776.002124, 6781.122124,0
54, 6112.12401700001, 6117.24401700001, 6776.002124, 6781.122124,0
55, 6117.24401700001, 6122.36401700001, 6776.002124, 6781.122124,0
56, 6122.36401700001, 6127.48401700001, 6776.002124, 6781.122124,0
57, 6127.48401700001, 6132.60401700001, 6776.002124, 6781.122124,0
58, 6132.60401700001, 6137.72401700002, 6776.002124, 6781.122124,0
59, 6137.72401700002, 6142.84401700002, 6776.002124, 6781.122124,0
60, 6040.444017, 6045.564017, 6781.122124, 6786.242124,0
61, 6045.564017, 6050.684017, 6781.122124, 6786.242124,0
62, 6050.684017, 6055.804017, 6781.122124, 6786.242124,0
63, 6055.804017, 6060.924017, 6781.122124, 6786.242124,0
64, 6060.924017, 6066.044017, 6781.122124, 6786.242124,0
65, 6066.044017, 6071.164017, 6781.122124, 6786.242124,0
66, 6071.164017, 6076.28401700001, 6781.122124, 6786.242124,0
67, 6076.28401700001, 6081.40401700001, 6781.122124, 6786.242124,0
68, 6081.40401700001, 6086.52401700001, 6781.122124, 6786.242124,0
69, 6086.52401700001, 6091.64401700001, 6781.122124, 6786.242124,0
70, 6091.64401700001, 6096.76401700001, 6781.122124, 6786.242124,0
71, 6096.76401700001, 6101.88401700001, 6781.122124, 6786.242124,0
72, 6101.88401700001, 6107.00401700001, 6781.122124, 6786.242124,0
73, 6107.00401700001, 6112.12401700001, 6781.122124, 6786.242124,0
74, 6112.12401700001, 6117.24401700001, 6781.122124, 6786.242124,0
75, 6117.24401700001, 6122.36401700001, 6781.122124, 6786.242124,0
76, 6122.36401700001, 6127.48401700001, 6781.122124, 6786.242124,0
77, 6127.48401700001, 6132.60401700001, 6781.122124, 6786.242124,0
78, 6132.60401700001, 6137.72401700002, 6781.122124, 6786.242124,0
79, 6137.72401700002, 6142.84401700002, 6781.122124, 6786.242124,0
80, 6040.444017, 6045.564017, 6786.242124, 6791.362124,0
81, 6045.564017, 6050.684017, 6786.242124, 6791.362124,0
82, 6050.684017, 6055.804017, 6786.242124, 6791.362124,0
83, 6055.804017, 6060.924017, 6786.242124, 6791.362124,0
84, 6060.924017, 6066.044017, 6786.242124, 6791.362124,0
85, 6066.044017, 6071.164017, 6786.242124, 6791.362124,0
86, 6071.164017, 6076.28401700001, 6786.242124, 6791.362124,0
87, 6076.28401700001, 6081.40401700001, 6786.242124, 6791.362124,0
88, 6081.40401700001, 6086.52401700001, 6786.242124, 6791.362124,0
89, 6086.52401700001, 6091.64401700001, 6786.242124, 6791.362124,0
90, 6091.64401700001, 6096.76401700001, 6786.242124, 6791.362124,0
91, 6096.76401700001, 6101.88401700001, 6786.242124, 6791.362124,0
92, 6101.88401700001, 6107.00401700001, 6786.242124, 6791.362124,0
93, 6107.00401700001, 6112.12401700001, 6786.242124, 6791.362124,0
94, 6112.12401700001, 6117.24401700001, 6786.242124, 6791.362124,0
95, 6117.24401700001, 6122.36401700001, 6786.242124, 6791.362124,0
96, 6122.36401700001, 6127.48401700001, 6786.242124, 6791.362124,0
97, 6127.48401700001, 6132.60401700001, 6786.242124, 6791.362124,0
98, 6132.60401700001, 6137.72401700002, 6786.242124, 6791.362124,0
99, 6137.72401700002, 6142.84401700002, 6786.242124, 6791.362124,0
100, 6040.444017, 6045.564017, 6791.362124, 6796.482124,0
101, 6045.564017, 6050.684017, 6791.362124, 6796.482124,0
102, 6050.684017, 6055.804017, 6791.362124, 6796.482124,0
103, 6055.804017, 6060.924017, 6791.362124, 6796.482124,0
104, 6060.924017, 6066.044017, 6791.362124, 6796.482124,0
105, 6066.044017, 6071.164017, 6791.362124, 6796.482124,0
106, 6071.164017, 6076.28401700001, 6791.362124, 6796.482124,0
107, 6076.28401700001, 6081.40401700001, 6791.362124, 6796.482124,0
108, 6081.40401700001, 6086.52401700001, 6791.362124, 6796.482124,0
109, 6086.52401700001, 6091.64401700001, 6791.362124, 6796.482124,0
110, 6091.64401700001, 6096.76401700001, 6791.362124, 6796.482124,0
111, 6096.76401700001, 6101.88401700001, 6791.362124, 6796.482124,0
112, 6101.88401700001, 6107.00401700001, 6791.362124, 6796.482124,0
113, 6107.00401700001, 6112.12401700001, 6791.362124, 6796.482124,0
114, 6112.12401700001, 6117.24401700001, 6791.362124, 6796.482124,0
115, 6117.24401700001, 6122.36401700001, 6791.362124, 6796.482124,0
116, 6122.36401700001, 6127.48401700001, 6791.362124, 6796.482124,0
117, 6127.48401700001, 6132.60401700001, 6791.362124, 6796.482124,0
118, 6132.60401700001, 6137.72401700002, 6791.362124, 6796.482124,0
119, 6137.72401700002, 6142.84401700002, 6791.362124, 6796.482124,0
120, 6040.444017, 6045.564017, 6796.482124, 6801.60212400001,0
121, 6045.564017, 6050.684017, 6796.482124, 6801.60212400001,0
122, 6050.684017, 6055.804017, 6796.482124, 6801.60212400001,0
123, 6055.804017, 6060.924017, 6796.482124, 6801.60212400001,0
124, 6060.924017, 6066.044017, 6796.482124, 6801.60212400001,0
125, 6066.044017, 6071.164017, 6796.482124, 6801.60212400001,0
126, 6071.164017, 6076.28401700001, 6796.482124, 6801.60212400001,0
127, 6076.28401700001, 6081.40401700001, 6796.482124, 6801.60212400001,0
128, 6081.40401700001, 6086.52401700001, 6796.482124, 6801.60212400001,0
129, 6086.52401700001, 6091.64401700001, 6796.482124, 6801.60212400001,0
130, 6091.64401700001, 6096.76401700001, 6796.482124, 6801.60212400001,0
131, 6096.76401700001, 6101.88401700001, 6796.482124, 6801.60212400001,0
132, 6101.88401700001, 6107.00401700001, 6796.482124, 6801.60212400001,0
133, 6107.00401700001, 6112.12401700001, 6796.482124, 6801.60212400001,0
134, 6112.12401700001, 6117.24401700001, 6796.482124, 6801.60212400001,0
135, 6117.24401700001, 6122.36401700001, 6796.482124, 6801.60212400001,0
136, 6122.36401700001, 6127.48401700001, 6796.482124, 6801.60212400001,0
137, 6127.48401700001, 6132.60401700001, 6796.482124, 6801.60212400001,0
138, 6132.60401700001, 6137.72401700002, 6796.482124, 6801.60212400001,0
139, 6137.72401700002, 6142.84401700002, 6796.482124, 6801.60212400001,0
140, 6040.444017, 6045.564017, 6801.60212400001, 6806.72212400001,0
141, 6045.564017, 6050.684017, 6801.60212400001, 6806.72212400001,0
142, 6050.684017, 6055.804017, 6801.60212400001, 6806.72212400001,0
143, 6055.804017, 6060.924017, 6801.60212400001, 6806.72212400001,0
144, 6060.924017, 6066.044017, 6801.60212400001, 6806.72212400001,0
145, 6066.044017, 6071.164017, 6801.60212400001, 6806.72212400001,0
146, 6071.164017, 6076.28401700001, 6801.60212400001, 6806.72212400001,0
147, 6076.28401700001, 6081.40401700001, 6801.60212400001, 6806.72212400001,0
148, 6081.40401700001, 6086.52401700001, 6801.60212400001, 6806.72212400001,0
149, 6086.52401700001, 6091.64401700001, 6801.60212400001, 6806.72212400001,0
150, 6091.64401700001, 6096.76401700001, 6801.60212400001, 6806.72212400001,0
151, 6096.76401700001, 6101.88401700001, 6801.60212400001, 6806.72212400001,0
152, 6101.88401700001, 6107.00401700001, 6801.60212400001, 6806.72212400001,0
153, 6107.00401700001, 6112.12401700001, 6801.60212400001, 6806.72212400001,0
154, 6112.12401700001, 6117.24401700001, 6801.60212400001, 6806.72212400001,0
155, 6117.24401700001, 6122.36401700001, 6801.60212400001, 6806.72212400001,0
156, 6122.36401700001, 6127.48401700001, 6801.60212400001, 6806.72212400001,0
157, 6127.48401700001, 6132.60401700001, 6801.60212400001, 6806.72212400001,0
158, 6132.60401700001, 6137.72401700002, 6801.60212400001, 6806.72212400001,0
159, 6137.72401700002, 6142.84401700002, 6801.60212400001, 6806.72212400001,0
160, 6040.444017, 6045.564017, 6806.72212400001, 6811.84212400001,0
161, 6045.564017, 6050.684017, 6806.72212400001, 6811.84212400001,0
162, 6050.684017, 6055.804017, 6806.72212400001, 6811.84212400001,0
163, 6055.804017, 6060.924017, 6806.72212400001, 6811.84212400001,0
164, 6060.924017, 6066.044017, 6806.72212400001, 6811.84212400001,0
165, 6066.044017, 6071.164017, 6806.72212400001, 6811.84212400001,0
166, 6071.164017, 6076.28401700001, 6806.72212400001, 6811.84212400001,0
167, 6076.28401700001, 6081.40401700001, 6806.72212400001, 6811.84212400001,0
168, 6081.40401700001, 6086.52401700001, 6806.72212400001, 6811.84212400001,0
169, 6086.52401700001, 6091.64401700001, 6806.72212400001, 6811.84212400001,0
170, 6091.64401700001, 6096.76401700001, 6806.72212400001, 6811.84212400001,0
171, 6096.76401700001, 6101.88401700001, 6806.72212400001, 6811.84212400001,0
172, 6101.88401700001, 6107.00401700001, 6806.72212400001, 6811.84212400001,0
173, 6107.00401700001, 6112.12401700001, 6806.72212400001, 6811.84212400001,0
174, 6112.12401700001, 6117.24401700001, 6806.72212400001, 6811.84212400001,0
175, 6117.24401700001, 6122.36401700001, 6806.72212400001, 6811.84212400001,0
176, 6122.36401700001, 6127.48401700001, 6806.72212400001, 6811.84212400001,0
177, 6127.48401700001, 6132.60401700001, 6806.72212400001, 6811.84212400001,0
178, 6132.60401700001, 6137.72401700002, 6806.72212400001, 6811.84212400001,0
179, 6137.72401700002, 6142.84401700002, 6806.72212400001, 6811.84212400001,0
180, 6040.444017, 6045.564017, 6811.84212400001, 6816.96212400001,0
181, 6045.564017, 6050.684017, 6811.84212400001, 6816.96212400001,0
182, 6050.684017, 6055.804017, 6811.84212400001, 6816.96212400001,0
183, 6055.804017, 6060.924017, 6811.84212400001, 6816.96212400001,0
184, 6060.924017, 6066.044017, 6811.84212400001, 6816.96212400001,0
185, 6066.044017, 6071.164017, 6811.84212400001, 6816.96212400001,0
186, 6071.164017, 6076.28401700001, 6811.84212400001, 6816.96212400001,0
187, 6076.28401700001, 6081.40401700001, 6811.84212400001, 6816.96212400001,0
188, 6081.40401700001, 6086.52401700001, 6811.84212400001, 6816.96212400001,0
189, 6086.52401700001, 6091.64401700001, 6811.84212400001, 6816.96212400001,0
190, 6091.64401700001, 6096.76401700001, 6811.84212400001, 6816.96212400001,0
191, 6096.76401700001, 6101.88401700001, 6811.84212400001, 6816.96212400001,0
192, 6101.88401700001, 6107.00401700001, 6811.84212400001, 6816.96212400001,0
193, 6107.00401700001, 6112.12401700001, 6811.84212400001, 6816.96212400001,0
194, 6112.12401700001, 6117.24401700001, 6811.84212400001, 6816.96212400001,0
195, 6117.24401700001, 6122.36401700001, 6811.84212400001, 6816.96212400001,0
196, 6122.36401700001, 6127.48401700001, 6811.84212400001, 6816.96212400001,0
197, 6127.48401700001, 6132.60401700001, 6811.84212400001, 6816.96212400001,0
198, 6132.60401700001, 6137.72401700002, 6811.84212400001, 6816.96212400001,0
199, 6137.72401700002, 6142.84401700002, 6811.84212400001, 6816.96212400001,0
200, 6040.444017, 6045.564017, 6816.96212400001, 6822.08212400001,0
201, 6045.564017, 6050.684017, 6816.96212400001, 6822.08212400001,0
202, 6050.684017, 6055.804017, 6816.96212400001, 6822.08212400001,0
203, 6055.804017, 6060.924017, 6816.96212400001, 6822.08212400001,0
204, 6060.924017, 6066.044017, 6816.96212400001, 6822.08212400001,0
205, 6066.044017, 6071.164017, 6816.96212400001, 6822.08212400001,0
206, 6071.164017, 6076.28401700001, 6816.96212400001, 6822.08212400001,0
207, 6076.28401700001, 6081.40401700001, 6816.96212400001, 6822.08212400001,0
208, 6081.40401700001, 6086.52401700001, 6816.96212400001, 6822.08212400001,0
209, 6086.52401700001, 6091.64401700001, 6816.96212400001, 6822.08212400001,0
210, 6091.64401700001, 6096.76401700001, 6816.96212400001, 6822.08212400001,0
211, 6096.76401700001, 6101.88401700001, 6816.96212400001, 6822.08212400001,0
212, 6101.88401700001, 6107.00401700001, 6816.96212400001, 6822.08212400001,0
213, 6107.00401700001, 6112.12401700001, 6816.96212400001, 6822.08212400001,0
214, 6112.12401700001, 6117.24401700001, 6816.96212400001, 6822.08212400001,0
215, 6117.24401700001, 6122.36401700001, 6816.96212400001, 6822.08212400001,0
216, 6122.36401700001, 6127.48401700001, 6816.96212400001, 6822.08212400001,0
217, 6127.48401700001, 6132.60401700001, 6816.96212400001, 6822.08212400001,0
218, 6132.60401700001, 6137.72401700002, 6816.96212400001, 6822.08212400001,0
219, 6137.72401700002, 6142.84401700002, 6816.96212400001, 6822.08212400001,0
220, 6040.444017, 6045.564017, 6822.08212400001, 6827.20212400001,0
221, 6045.564017, 6050.684017, 6822.08212400001, 6827.20212400001,0
222, 6050.684017, 6055.804017, 6822.08212400001, 6827.20212400001,0
223, 6055.804017, 6060.924017, 6822.08212400001, 6827.20212400001,0
224, 6060.924017, 6066.044017, 6822.08212400001, 6827.20212400001,0
225, 6066.044017, 6071.164017, 6822.08212400001, 6827.20212400001,0
226, 6071.164017, 6076.28401700001, 6822.08212400001, 6827.20212400001,0
227, 6076.28401700001, 6081.40401700001, 6822.08212400001, 6827.20212400001,0
228, 6081.40401700001, 6086.52401700001, 6822.08212400001, 6827.20212400001,0
229, 6086.52401700001, 6091.64401700001, 6822.08212400001, 6827.20212400001,0
230, 6091.64401700001, 6096.76401700001, 6822.08212400001, 6827.20212400001,0
231, 6096.76401700001, 6101.88401700001, 6822.08212400001, 6827.20212400001,0
232, 6101.88401700001, 6107.00401700001, 6822.08212400001, 6827.20212400001,0
233, 6107.00401700001, 6112.12401700001, 6822.08212400001, 6827.20212400001,0
234, 6112.12401700001, 6117.24401700001, 6822.08212400001, 6827.20212400001,0
235, 6117.24401700001, 6122.36401700001, 6822.08212400001, 6827.20212400001,0
236, 6122.36401700001, 6127.48401700001, 6822.08212400001, 6827.20212400001,0
237, 6127.48401700001, 6132.60401700001, 6822.08212400001, 6827.20212400001,0
238, 6132.60401700001, 6137.72401700002, 6822.08212400001, 6827.20212400001,0
239, 6137.72401700002, 6142.84401700002, 6822.08212400001, 6827.20212400001,0
240, 6040.444017, 6045.564017, 6827.20212400001, 6832.32212400001,0
241, 6045.564017, 6050.684017, 6827.20212400001, 6832.32212400001,0
242, 6050.684017, 6055.804017, 6827.20212400001, 6832.32212400001,0
243, 6055.804017, 6060.924017, 6827.20212400001, 6832.32212400001,0
244, 6060.924017, 6066.044017, 6827.20212400001, 6832.32212400001,0
245, 6066.044017, 6071.164017, 6827.20212400001, 6832.32212400001,0
246, 6071.164017, 6076.28401700001, 6827.20212400001, 6832.32212400001,0
247, 6076.28401700001, 6081.40401700001, 6827.20212400001, 6832.32212400001,0
248, 6081.40401700001, 6086.52401700001, 6827.20212400001, 6832.32212400001,0
249, 6086.52401700001, 6091.64401700001, 6827.20212400001, 6832.32212400001,0
250, 6091.64401700001, 6096.76401700001, 6827.20212400001, 6832.32212400001,0
251, 6096.76401700001, 6101.88401700001, 6827.20212400001, 6832.32212400001,0
252, 6101.88401700001, 6107.00401700001, 6827.20212400001, 6832.32212400001,0
253, 6107.00401700001, 6112.12401700001, 6827.20212400001, 6832.32212400001,0
254, 6112.12401700001, 6117.24401700001, 6827.20212400001, 6832.32212400001,0
255, 6117.24401700001, 6122.36401700001, 6827.20212400001, 6832.32212400001,0
256, 6122.36401700001, 6127.48401700001, 6827.20212400001, 6832.32212400001,0
257, 6127.48401700001, 6132.60401700001, 6827.20212400001, 6832.32212400001,0
258, 6132.60401700001, 6137.72401700002, 6827.20212400001, 6832.32212400001,0
259, 6137.72401700002, 6142.84401700002, 6827.20212400001, 6832.32212400001,0
260, 6040.444017, 6045.564017, 6832.32212400001, 6837.44212400001,0
261, 6045.564017, 6050.684017, 6832.32212400001, 6837.44212400001,0
262, 6050.684017, 6055.804017, 6832.32212400001, 6837.44212400001,0
263, 6055.804017, 6060.924017, 6832.32212400001, 6837.44212400001,0
264, 6060.924017, 6066.044017, 6832.32212400001, 6837.44212400001,0
265, 6066.044017, 6071.164017, 6832.32212400001, 6837.44212400001,0
266, 6071.164017, 6076.28401700001, 6832.32212400001, 6837.44212400001,0
267, 6076.28401700001, 6081.40401700001, 6832.32212400001, 6837.44212400001,0
268, 6081.40401700001, 6086.52401700001, 6832.32212400001, 6837.44212400001,0
269, 6086.52401700001, 6091.64401700001, 6832.32212400001, 6837.44212400001,0
270, 6091.64401700001, 6096.76401700001, 6832.32212400001, 6837.44212400001,0
271, 6096.76401700001, 6101.88401700001, 6832.32212400001, 6837.44212400001,0
272, 6101.88401700001, 6107.00401700001, 6832.32212400001, 6837.44212400001,0
273, 6107.00401700001, 6112.12401700001, 6832.32212400001, 6837.44212400001,0
274, 6112.12401700001, 6117.24401700001, 6832.32212400001, 6837.44212400001,0
275, 6117.24401700001, 6122.36401700001, 6832.32212400001, 6837.44212400001,0
276, 6122.36401700001, 6127.48401700001, 6832.32212400001, 6837.44212400001,0
277, 6127.48401700001, 6132.60401700001, 6832.32212400001, 6837.44212400001,0
278, 6132.60401700001, 6137.72401700002, 6832.32212400001, 6837.44212400001,0
279, 6137.72401700002, 6142.84401700002, 6832.32212400001, 6837.44212400001,0
280, 6040.444017, 6045.564017, 6837.44212400001, 6842.56212400001,0
281, 6045.564017, 6050.684017, 6837.44212400001, 6842.56212400001,0
282, 6050.684017, 6055.804017, 6837.44212400001, 6842.56212400001,0
283, 6055.804017, 6060.924017, 6837.44212400001, 6842.56212400001,0
284, 6060.924017, 6066.044017, 6837.44212400001, 6842.56212400001,0
285, 6066.044017, 6071.164017, 6837.44212400001, 6842.56212400001,0
286, 6071.164017, 6076.28401700001, 6837.44212400001, 6842.56212400001,0
287, 6076.28401700001, 6081.40401700001, 6837.44212400001, 6842.56212400001,0
288, 6081.40401700001, 6086.52401700001, 6837.44212400001, 6842.56212400001,0
289, 6086.52401700001, 6091.64401700001, 6837.44212400001, 6842.56212400001,0
290, 6091.64401700001, 6096.76401700001, 6837.44212400001, 6842.56212400001,0
291, 6096.76401700001, 6101.88401700001, 6837.44212400001, 6842.56212400001,0
292, 6101.88401700001, 6107.00401700001, 6837.44212400001, 6842.56212400001,0
293, 6107.00401700001, 6112.12401700001, 6837.44212400001, 6842.56212400001,0
294, 6112.12401700001, 6117.24401700001, 6837.44212400001, 6842.56212400001,0
295, 6117.24401700001, 6122.36401700001, 6837.44212400001, 6842.56212400001,0
296, 6122.36401700001, 6127.48401700001, 6837.44212400001, 6842.56212400001,0
297, 6127.48401700001, 6132.60401700001, 6837.44212400001, 6842.56212400001,0
298, 6132.60401700001, 6137.72401700002, 6837.44212400001, 6842.56212400001,0
299, 6137.72401700002, 6142.84401700002, 6837.44212400001, 6842.56212400001,0
300, 6040.444017, 6045.564017, 6842.56212400001, 6847.68212400001,0
301, 6045.564017, 6050.684017, 6842.56212400001, 6847.68212400001,0
302, 6050.684017, 6055.804017, 6842.56212400001, 6847.68212400001,0
303, 6055.804017, 6060.924017, 6842.56212400001, 6847.68212400001,0
304, 6060.924017, 6066.044017, 6842.56212400001, 6847.68212400001,0
305, 6066.044017, 6071.164017, 6842.56212400001, 6847.68212400001,0
306, 6071.164017, 6076.28401700001, 6842.56212400001, 6847.68212400001,0
307, 6076.28401700001, 6081.40401700001, 6842.56212400001, 6847.68212400001,0
308, 6081.40401700001, 6086.52401700001, 6842.56212400001, 6847.68212400001,0
309, 6086.52401700001, 6091.64401700001, 6842.56212400001, 6847.68212400001,0
310, 6091.64401700001, 6096.76401700001, 6842.56212400001, 6847.68212400001,0
311, 6096.76401700001, 6101.88401700001, 6842.56212400001, 6847.68212400001,0
312, 6101.88401700001, 6107.00401700001, 6842.56212400001, 6847.68212400001,0
313, 6107.00401700001, 6112.12401700001, 6842.56212400001, 6847.68212400001,0
314, 6112.12401700001, 6117.24401700001, 6842.56212400001, 6847.68212400001,0
315, 6117.24401700001, 6122.36401700001, 6842.56212400001, 6847.68212400001,0
316, 6122.36401700001, 6127.48401700001, 6842.56212400001, 6847.68212400001,0
317, 6127.48401700001, 6132.60401700001, 6842.56212400001, 6847.68212400001,0
318, 6132.60401700001, 6137.72401700002, 6842.56212400001, 6847.68212400001,0
319, 6137.72401700002, 6142.84401700002, 6842.56212400001, 6847.68212400001,0
320, 6040.444017, 6045.564017, 6847.68212400001, 6852.80212400001,0
321, 6045.564017, 6050.684017, 6847.68212400001, 6852.80212400001,0
322, 6050.684017, 6055.804017, 6847.68212400001, 6852.80212400001,0
323, 6055.804017, 6060.924017, 6847.68212400001, 6852.80212400001,0
324, 6060.924017, 6066.044017, 6847.68212400001, 6852.80212400001,0
325, 6066.044017, 6071.164017, 6847.68212400001, 6852.80212400001,0
326, 6071.164017, 6076.28401700001, 6847.68212400001, 6852.80212400001,0
327, 6076.28401700001, 6081.40401700001, 6847.68212400001, 6852.80212400001,0
328, 6081.40401700001, 6086.52401700001, 6847.68212400001, 6852.80212400001,0
329, 6086.52401700001, 6091.64401700001, 6847.68212400001, 6852.80212400001,0
330, 6091.64401700001, 6096.76401700001, 6847.68212400001, 6852.80212400001,0
331, 6096.76401700001, 6101.88401700001, 6847.68212400001, 6852.80212400001,0
332, 6101.88401700001, 6107.00401700001, 6847.68212400001, 6852.80212400001,0
333, 6107.00401700001, 6112.12401700001, 6847.68212400001, 6852.80212400001,0
334, 6112.12401700001, 6117.24401700001, 6847.68212400001, 6852.80212400001,0
335, 6117.24401700001, 6122.36401700001, 6847.68212400001, 6852.80212400001,0
336, 6122.36401700001, 6127.48401700001, 6847.68212400001, 6852.80212400001,0
337, 6127.48401700001, 6132.60401700001, 6847.68212400001, 6852.80212400001,0
338, 6132.60401700001, 6137.72401700002, 6847.68212400001, 6852.80212400001,0
339, 6137.72401700002, 6142.84401700002, 6847.68212400001, 6852.80212400001,0
340, 6040.444017, 6045.564017, 6852.80212400001, 6857.92212400001,0
341, 6045.564017, 6050.684017, 6852.80212400001, 6857.92212400001,0
342, 6050.684017, 6055.804017, 6852.80212400001, 6857.92212400001,0
343, 6055.804017, 6060.924017, 6852.80212400001, 6857.92212400001,0
344, 6060.924017, 6066.044017, 6852.80212400001, 6857.92212400001,0
345, 6066.044017, 6071.164017, 6852.80212400001, 6857.92212400001,0
346, 6071.164017, 6076.28401700001, 6852.80212400001, 6857.92212400001,0
347, 6076.28401700001, 6081.40401700001, 6852.80212400001, 6857.92212400001,0
348, 6081.40401700001, 6086.52401700001, 6852.80212400001, 6857.92212400001,0
349, 6086.52401700001, 6091.64401700001, 6852.80212400001, 6857.92212400001,0
350, 6091.64401700001, 6096.76401700001, 6852.80212400001, 6857.92212400001,0
351, 6096.76401700001, 6101.88401700001, 6852.80212400001, 6857.92212400001,0
352, 6101.88401700001, 6107.00401700001, 6852.80212400001, 6857.92212400001,0
353, 6107.00401700001, 6112.12401700001, 6852.80212400001, 6857.92212400001,0
354, 6112.12401700001, 6117.24401700001, 6852.80212400001, 6857.92212400001,0
355, 6117.24401700001, 6122.36401700001, 6852.80212400001, 6857.92212400001,0
356, 6122.36401700001, 6127.48401700001, 6852.80212400001, 6857.92212400001,0
357, 6127.48401700001, 6132.60401700001, 6852.80212400001, 6857.92212400001,0
358, 6132.60401700001, 6137.72401700002, 6852.80212400001, 6857.92212400001,0
359, 6137.72401700002, 6142.84401700002, 6852.80212400001, 6857.92212400001,0
360, 6040.444017, 6045.564017, 6857.92212400001, 6863.04212400002,0
361, 6045.564017, 6050.684017, 6857.92212400001, 6863.04212400002,0
362, 6050.684017, 6055.804017, 6857.92212400001, 6863.04212400002,0
363, 6055.804017, 6060.924017, 6857.92212400001, 6863.04212400002,0
364, 6060.924017, 6066.044017, 6857.92212400001, 6863.04212400002,0
365, 6066.044017, 6071.164017, 6857.92212400001, 6863.04212400002,0
366, 6071.164017, 6076.28401700001, 6857.92212400001, 6863.04212400002,0
367, 6076.28401700001, 6081.40401700001, 6857.92212400001, 6863.04212400002,0
368, 6081.40401700001, 6086.52401700001, 6857.92212400001, 6863.04212400002,0
369, 6086.52401700001, 6091.64401700001, 6857.92212400001, 6863.04212400002,0
370, 6091.64401700001, 6096.76401700001, 6857.92212400001, 6863.04212400002,0
371, 6096.76401700001, 6101.88401700001, 6857.92212400001, 6863.04212400002,0
372, 6101.88401700001, 6107.00401700001, 6857.92212400001, 6863.04212400002,0
373, 6107.00401700001, 6112.12401700001, 6857.92212400001, 6863.04212400002,0
374, 6112.12401700001, 6117.24401700001, 6857.92212400001, 6863.04212400002,0
375, 6117.24401700001, 6122.36401700001, 6857.92212400001, 6863.04212400002,0
376, 6122.36401700001, 6127.48401700001, 6857.92212400001, 6863.04212400002,0
377, 6127.48401700001, 6132.60401700001, 6857.92212400001, 6863.04212400002,0
378, 6132.60401700001, 6137.72401700002, 6857.92212400001, 6863.04212400002,0
379, 6137.72401700002, 6142.84401700002, 6857.92212400001, 6863.04212400002,0
380, 6040.444017, 6045.564017, 6863.04212400002, 6868.16212400002,0
381, 6045.564017, 6050.684017, 6863.04212400002, 6868.16212400002,0
382, 6050.684017, 6055.804017, 6863.04212400002, 6868.16212400002,0
383, 6055.804017, 6060.924017, 6863.04212400002, 6868.16212400002,0
384, 6060.924017, 6066.044017, 6863.04212400002, 6868.16212400002,0
385, 6066.044017, 6071.164017, 6863.04212400002, 6868.16212400002,0
386, 6071.164017, 6076.28401700001, 6863.04212400002, 6868.16212400002,0
387, 6076.28401700001, 6081.40401700001, 6863.04212400002, 6868.16212400002,0
388, 6081.40401700001, 6086.52401700001, 6863.04212400002, 6868.16212400002,0
389, 6086.52401700001, 6091.64401700001, 6863.04212400002, 6868.16212400002,0
390, 6091.64401700001, 6096.76401700001, 6863.04212400002, 6868.16212400002,0
391, 6096.76401700001, 6101.88401700001, 6863.04212400002, 6868.16212400002,0
392, 6101.88401700001, 6107.00401700001, 6863.04212400002, 6868.16212400002,0
393, 6107.00401700001, 6112.12401700001, 6863.04212400002, 6868.16212400002,0
394, 6112.12401700001, 6117.24401700001, 6863.04212400002, 6868.16212400002,0
395, 6117.24401700001, 6122.36401700001, 6863.04212400002, 6868.16212400002,0
396, 6122.36401700001, 6127.48401700001, 6863.04212400002, 6868.16212400002,0
397, 6127.48401700001, 6132.60401700001, 6863.04212400002, 6868.16212400002,0
398, 6132.60401700001, 6137.72401700002, 6863.04212400002, 6868.16212400002,0
399, 6137.72401700002, 6142.84401700002, 6863.04212400002, 6868.16212400002,0
400, 6240.444017, 6245.564017, 6765.762124, 6770.882124,1
401, 6245.564017, 6250.684017, 6765.762124, 6770.882124,1
402, 6250.684017, 6255.804017, 6765.762124, 6770.882124,1
403, 6255.804017, 6260.924017, 6765.762124, 6770.882124,1
404, 6260.924017, 6266.044017, 6765.762124, 6770.882124,1
405, 6266.044017, 6271.164017, 6765.762124, 6770.882124,1
406, 6271.164017, 6276.28401700001, 6765.762124, 6770.882124,1
407, 6276.28401700001, 6281.40401700001, 6765.762124, 6770.882124,1
408, 6281.40401700001, 6286.52401700001, 6765.762124, 6770.882124,1
409, 6286.52401700001, 6291.64401700001, 6765.762124, 6770.882124,1
410, 6291.64401700001, 6296.76401700001, 6765.762124, 6770.882124,1
411, 6296.76401700001, 6301.88401700001, 6765.762124, 6770.882124,1
412, 6301.88401700001, 6307.00401700001, 6765.762124, 6770.882124,1
413, 6307.00401700001, 6312.12401700001, 6765.762124, 6770.882124,1
414, 6312.12401700001, 6317.24401700001, 6765.762124, 6770.882124,1
415, 6317.24401700001, 6322.36401700001, 6765.762124, 6770.882124,1
416, 6322.36401700001, 6327.48401700001, 6765.762124, 6770.882124,1
417, 6327.48401700001, 6332.60401700001, 6765.762124, 6770.882124,1
418, 6332.60401700001, 6337.72401700002, 6765.762124, 6770.882124,1
419, 6337.72401700002, 6342.84401700002, 6765.762124, 6770.882124,1
420, 6240.444017, 6245.564017, 6770.882124, 6776.002124,1
421, 6245.564017, 6250.684017, 6770.882124, 6776.002124,1
422, 6250.684017, 6255.804017, 6770.882124, 6776.002124,1
423, 6255.804017, 6260.924017, 6770.882124, 6776.002124,1
424, 6260.924017, 6266.044017, 6770.882124, 6776.002124,1
425, 6266.044017, 6271.164017, 6770.882124, 6776.002124,1
426, 6271.164017, 6276.28401700001, 6770.882124, 6776.002124,1
427, 6276.28401700001, 6281.40401700001, 6770.882124, 6776.002124,1
428, 6281.40401700001, 6286.52401700001, 6770.882124, 6776.002124,1
429, 6286.52401700001, 6291.64401700001, 6770.882124, 6776.002124,1
430, 6291.64401700001, 6296.76401700001, 6770.882124, 6776.002124,1
431, 6296.76401700001, 6301.88401700001, 6770.882124, 6776.002124,1
432, 6301.88401700001, 6307.00401700001, 6770.882124, 6776.002124,1
433, 6307.00401700001, 6312.12401700001, 6770.882124, 6776.002124,1
434, 6312.12401700001, 6317.24401700001, 6770.882124, 6776.002124,1
435, 6317.24401700001, 6322.36401700001, 6770.882124, 6776.002124,1
436, 6322.36401700001, 6327.48401700001, 6770.882124, 6776.002124,1
437, 6327.48401700001, 6332.60401700001, 6770.882124, 6776.002124,1
438, 6332.60401700001, 6337.72401700002, 6770.882124, 6776.002124,1
439, 6337.72401700002, 6342.84401700002, 6770.882124, 6776.002124,1
440, 6240.444017, 6245.564017, 6776.002124, 6781.122124,1
441, 6245.564017, 6250.684017, 6776.002124, 6781.122124,1
442, 6250.684017, 6255.804017, 6776.002124, 6781.122124,1
443, 6255.804017, 6260.924017, 6776.002124, 6781.122124,1
444, 6260.924017, 6266.044017, 6776.002124, 6781.122124,1
445, 6266.044017, 6271.164017, 6776.002124, 6781.122124,1
446, 6271.164017, 6276.28401700001, 6776.002124, 6781.122124,1
447, 6276.28401700001, 6281.40401700001, 6776.002124, 6781.122124,1
448, 6281.40401700001, 6286.52401700001, 6776.002124, 6781.122124,1
449, 6286.52401700001, 6291.64401700001, 6776.002124, 6781.122124,1
450, 6291.64401700001, 6296.76401700001, 6776.002124, 6781.122124,1
451, 6296.76401700001, 6301.88401700001, 6776.002124, 6781.122124,1
452, 6301.88401700001, 6307.00401700001, 6776.002124, 6781.122124,1
453, 6307.00401700001, 6312.12401700001, 6776.002124, 6781.122124,1
454, 6312.12401700001, 6317.24401700001, 6776.002124, 6781.122124,1
455, 6317.24401700001, 6322.36401700001, 6776.002124, 6781.122124,1
456, 6322.36401700001, 6327.48401700001, 6776.002124, 6781.122124,1
457, 6327.48401700001, 6332.60401700001, 6776.002124, 6781.122124,1
458, 6332.60401700001, 6337.72401700002, 6776.002124, 6781.122124,1
459, 6337.72401700002, 6342.84401700002, 6776.002124, 6781.122124,1
460, 6240.444017, 6245.564017, 6781.122124, 6786.242124,1
461, 6245.564017, 6250.684017, 6781.122124, 6786.242124,1
462, 6250.684017, 6255.804017, 6781.122124, 6786.242124,1
463, 6255.804017, 6260.924017, 6781.122124, 6786.242124,1
464, 6260.924017, 6266.044017, 6781.122124, 6786.242124,1
465, 6266.044017, 6271.164017, 6781.122124, 6786.242124,1
466, 6271.164017, 6276.28401700001, 6781.122124, 6786.242124,1
467, 6276.28401700001, 6281.40401700001, 6781.122124, 6786.242124,1
468, 6281.40401700001, 6286.52401700001, 6781.122124, 6786.242124,1
469, 6286.52401700001, 6291.64401700001, 6781.122124, 6786.242124,1
470, 6291.64401700001, 6296.76401700001, 6781.122124, 6786.242124,1
471, 6296.76401700001, 6301.88401700001, 6781.122124, 6786.242124,1
472, 6301.88401700001, 6307.00401700001, 6781.122124, 6786.242124,1
473, 6307.00401700001, 6312.12401700001, 6781.122124, 6786.242124,1
474, 6312.12401700001, 6317.24401700001, 6781.122124, 6786.242124,1
475, 6317.24401700001, 6322.36401700001, 6781.122124, 6786.242124,1
476, 6322.36401700001, 6327.48401700001, 6781.122124, 6786.242124,1
477, 6327.48401700001, 6332.60401700001, 6781.122124, 6786.242124,1
478, 6332.60401700001, 6337.72401700002, 6781.122124, 6786.242124,1
479, 6337.72401700002, 6342.84401700002, 6781.122124, 6786.242124,1
480, 6240.444017, 6245.564017, 6786.242124, 6791.362124,1
481, 6245.564017, 6250.684017, 6786.242124, 6791.362124,1
482, 6250.684017, 6255.804017, 6786.242124, 6791.362124,1
483, 6255.804017, 6260.924017, 6786.242124, 6791.362124,1
484, 6260.924017, 6266.044017, 6786.242124, 6791.362124,1
485, 6266.044017, 6271.164017, 6786.242124, 6791.362124,1
486, 6271.164017, 6276.28401700001, 6786.242124, 6791.362124,1
487, 6276.28401700001, 6281.40401700001, 6786.242124, 6791.362124,1
488, 6281.40401700001, 6286.52401700001, 6786.242124, 6791.362124,1
489, 6286.52401700001, 6291.64401700001, 6786.242124, 6791.362124,1
490, 6291.64401700001, 6296.76401700001, 6786.242124, 6791.362124,1
491, 6296.76401700001, 6301.88401700001, 6786.242124, 6791.362124,1
492, 6301.88401700001, 6307.00401700001, 6786.242124, 6791.362124,1
493, 6307.00401700001, 6312.12401700001, 6786.242124, 6791.362124,1
494, 6312.12401700001, 6317.24401700001, 6786.242124, 6791.362124,1
495, 6317.24401700001, 6322.36401700001, 6786.242124, 6791.362124,1
496, 6322.36401700001, 6327.48401700001, 6786.242124, 6791.362124,1
497, 6327.48401700001, 6332.60401700001, 6786.242124, 6791.362124,1
498, 6332.60401700001, 6337.72401700002, 6786.242124, 6791.362124,1
499, 6337.72401700002, 6342.84401700002, 6786.242124, 6791.362124,1
500, 6240.444017, 6245.564017, 6791.362124, 6796.482124,1
501, 6245.564017, 6250.684017, 6791.362124, 6796.482124,1
502, 6250.684017, 6255.804017, 6791.362124, 6796.482124,1
503, 6255.804017, 6260.924017, 6791.362124, 6796.482124,1
504, 6260.924017, 6266.044017, 6791.362124, 6796.482124,1
505, 6266.044017, 6271.164017, 6791.362124, 6796.482124,1
506, 6271.164017, 6276.28401700001, 6791.362124, 6796.482124,1
507, 6276.28401700001, 6281.40401700001, 6791.362124, 6796.482124,1
508, 6281.40401700001, 6286.52401700001, 6791.362124, 6796.482124,1
509, 6286.52401700001, 6291.64401700001, 6791.362124, 6796.482124,1
510, 6291.64401700001, 6296.76401700001, 6791.362124, 6796.482124,1
511, 6296.76401700001, 6301.88401700001, 6791.362124, 6796.482124,1
512, 6301.88401700001, 6307.00401700001, 6791.362124, 6796.482124,1
513, 6307.00401700001, 6312.12401700001, 6791.362124, 6796.482124,1
514, 6312.12401700001, 6317.24401700001, 6791.362124, 6796.482124,1
515, 6317.24401700001, 6322.36401700001, 6791.362124, 6796.482124,1
516, 6322.36401700001, 6327.48401700001, 6791.362124, 6796.482124,1
517, 6327.48401700001, 6332.60401700001, 6791.362124, 6796.482124,1
518, 6332.60401700001, 6337.72401700002, 6791.362124, 6796.482124,1
519, 6337.72401700002, 6342.84401700002, 6791.362124, 6796.482124,1
520, 6240.444017, 6245.564017, 6796.482124, 6801.60212400001,1
521, 6245.564017, 6250.684017, 6796.482124, 6801.60212400001,1
522, 6250.684017, 6255.804017, 6796.482124, 6801.60212400001,1
523, 6255.804017, 6260.924017, 6796.482124, 6801.60212400001,1
524, 6260.924017, 6266.044017, 6796.482124, 6801.60212400001,1
525, 6266.044017, 6271.164017, 6796.482124, 6801.60212400001,1
526, 6271.164017, 6276.28401700001, 6796.482124, 6801.60212400001,1
527, 6276.28401700001, 6281.40401700001, 6796.482124, 6801.60212400001,1
528, 6281.40401700001, 6286.52401700001, 6796.482124, 6801.60212400001,1
529, 6286.52401700001, 6291.64401700001, 6796.482124, 6801.60212400001,1
530, 6291.64401700001, 6296.76401700001, 6796.482124, 6801.60212400001,1
531, 6296.76401700001, 6301.88401700001, 6796.482124, 6801.60212400001,1
532, 6301.88401700001, 6307.00401700001, 6796.482124, 6801.60212400001,1
533, 6307.00401700001, 6312.12401700001, 6796.482124, 6801.60212400001,1
534, 6312.12401700001, 6317.24401700001, 6796.482124, 6801.60212400001,1
535, 6317.24401700001, 6322.36401700001, 6796.482124, 6801.60212400001,1
536, 6322.36401700001, 6327.48401700001, 6796.482124, 6801.60212400001,1
537, 6327.48401700001, 6332.60401700001, 6796.482124, 6801.60212400001,1
538, 6332.60401700001, 6337.72401700002, 6796.482124, 6801.60212400001,1
539, 6337.72401700002, 6342.84401700002, 6796.482124, 6801.60212400001,1
540, 6240.444017, 6245.564017, 6801.60212400001, 6806.72212400001,1
541, 6245.564017, 6250.684017, 6801.60212400001, 6806.72212400001,1
542, 6250.684017, 6255.804017, 6801.60212400001, 6806.72212400001,1
543, 6255.804017, 6260.924017, 6801.60212400001, 6806.72212400001,1
544, 6260.924017, 6266.044017, 6801.60212400001, 6806.72212400001,1
545, 6266.044017, 6271.164017, 6801.60212400001, 6806.72212400001,1
546, 6271.164017, 6276.28401700001, 6801.60212400001, 6806.72212400001,1
547, 6276.28401700001, 6281.40401700001, 6801.60212400001, 6806.72212400001,1
548, 6281.40401700001, 6286.52401700001, 6801.60212400001, 6806.72212400001,1
549, 6286.52401700001, 6291.64401700001, 6801.60212400001, 6806.72212400001,1
550, 6291.64401700001, 6296.76401700001, 6801.60212400001, 6806.72212400001,1
551, 6296.76401700001, 6301.88401700001, 6801.60212400001, 6806.72212400001,1
552, 6301.88401700001, 6307.00401700001, 6801.60212400001, 6806.72212400001,1
553, 6307.00401700001, 6312.12401700001, 6801.60212400001, 6806.72212400001,1
554, 6312.12401700001, 6317.24401700001, 6801.60212400001, 6806.72212400001,1
555, 6317.24401700001, 6322.36401700001, 6801.60212400001, 6806.72212400001,1
556, 6322.36401700001, 6327.48401700001, 6801.60212400001, 6806.72212400001,1
557, 6327.48401700001, 6332.60401700001, 6801.60212400001, 6806.72212400001,1
558, 6332.60401700001, 6337.72401700002, 6801.60212400001, 6806.72212400001,1
559, 6337.72401700002, 6342.84401700002, 6801.60212400001, 6806.72212400001,1
560, 6240.444017, 6245.564017, 6806.72212400001, 6811.84212400001,1
561, 6245.564017, 6250.684017, 6806.72212400001, 6811.84212400001,1
562, 6250.684017, 6255.804017, 6806.72212400001, 6811.84212400001,1
563, 6255.804017, 6260.924017, 6806.72212400001, 6811.84212400001,1
564, 6260.924017, 6266.044017, 6806.72212400001, 6811.84212400001,1
565, 6266.044017, 6271.164017, 6806.72212400001, 6811.84212400001,1
566, 6271.164017, 6276.28401700001, 6806.72212400001, 6811.84212400001,1
567, 6276.28401700001, 6281.40401700001, 6806.72212400001, 6811.84212400001,1
568, 6281.40401700001, 6286.52401700001, 6806.72212400001, 6811.84212400001,1
569, 6286.52401700001, 6291.64401700001, 6806.72212400001, 6811.84212400001,1
570, 6291.64401700001, 6296.76401700001, 6806.72212400001, 6811.84212400001,1
571, 6296.76401700001, 6301.88401700001, 6806.72212400001, 6811.84212400001,1
572, 6301.88401700001, 6307.00401700001, 6806.72212400001, 6811.84212400001,1
573, 6307.00401700001, 6312.12401700001, 6806.72212400001, 6811.84212400001,1
574, 6312.12401700001, 6317.24401700001, 6806.72212400001, 6811.84212400001,1
575, 6317.24401700001, 6322.36401700001, 6806.72212400001, 6811.84212400001,1
576, 6322.36401700001, 6327.48401700001, 6806.72212400001, 6811.84212400001,1
577, 6327.48401700001, 6332.60401700001, 6806.72212400001, 6811.84212400001,1
578, 6332.60401700001, 6337.72401700002, 6806.72212400001, 6811.84212400001,1
579, 6337.72401700002, 6342.84401700002, 6806.72212400001, 6811.84212400001,1
580, 6240.444017, 6245.564017, 6811.84212400001, 6816.96212400001,1
581, 6245.564017, 6250.684017, 6811.84212400001, 6816.96212400001,1
582, 6250.684017, 6255.804017, 6811.84212400001, 6816.96212400001,1
583, 6255.804017, 6260.924017, 6811.84212400001, 6816.96212400001,1
584, 6260.924017, 6266.044017, 6811.84212400001, 6816.96212400001,1
585, 6266.044017, 6271.164017, 6811.84212400001, 6816.96212400001,1
586, 6271.164017, 6276.28401700001, 6811.84212400001, 6816.96212400001,1
587, 6276.28401700001, 6281.40401700001, 6811.84212400001, 6816.96212400001,1
588, 6281.40401700001, 6286.52401700001, 6811.84212400001, 6816.96212400001,1
589, 6286.52401700001, 6291.64401700001, 6811.84212400001, 6816.96212400001,1
590, 6291.64401700001, 6296.76401700001, 6811.84212400001, 6816.96212400001,1
591, 6296.76401700001, 6301.88401700001, 6811.84212400001, 6816.96212400001,1
592, 6301.88401700001, 6307.00401700001, 6811.84212400001, 6816.96212400001,1
593, 6307.00401700001, 6312.12401700001, 6811.84212400001, 6816.96212400001,1
594, 6312.12401700001, 6317.24401700001, 6811.84212400001, 6816.96212400001,1
595, 6317.24401700001, 6322.36401700001, 6811.84212400001, 6816.96212400001,1
596, 6322.36401700001, 6327.48401700001, 6811.84212400001, 6816.96212400001,1
597, 6327.48401700001, 6332.60401700001, 6811.84212400001, 6816.96212400001,1
598, 6332.60401700001, 6337.72401700002, 6811.84212400001, 6816.96212400001,1
599, 6337.72401700002, 6342.84401700002, 6811.84212400001, 6816.96212400001,1
600, 6240.444017, 6245.564017, 6816.96212400001, 6822.08212400001,1
601, 6245.564017, 6250.684017, 6816.96212400001, 6822.08212400001,1
602, 6250.684017, 6255.804017, 6816.96212400001, 6822.08212400001,1
603, 6255.804017, 6260.924017, 6816.96212400001, 6822.08212400001,1
604, 6260.924017, 6266.044017, 6816.96212400001, 6822.08212400001,1
605, 6266.044017, 6271.164017, 6816.96212400001, 6822.08212400001,1
606, 6271.164017, 6276.28401700001, 6816.96212400001, 6822.08212400001,1
607, 6276.28401700001, 6281.40401700001, 6816.96212400001, 6822.08212400001,1
608, 6281.40401700001, 6286.52401700001, 6816.96212400001, 6822.08212400001,1
609, 6286.52401700001, 6291.64401700001, 6816.96212400001, 6822.08212400001,1
610, 6291.64401700001, 6296.76401700001, 6816.96212400001, 6822.08212400001,1
611, 6296.76401700001, 6301.88401700001, 6816.96212400001, 6822.08212400001,1
612, 6301.88401700001, 6307.00401700001, 6816.96212400001, 6822.08212400001,1
613, 6307.00401700001, 6312.12401700001, 6816.96212400001, 6822.08212400001,1
614, 6312.12401700001, 6317.24401700001, 6816.96212400001, 6822.08212400001,1
615, 6317.24401700001, 6322.36401700001, 6816.96212400001, 6822.08212400001,1
616, 6322.36401700001, 6327.48401700001, 6816.96212400001, 6822.08212400001,1
617, 6327.48401700001, 6332.60401700001, 6816.96212400001, 6822.08212400001,1
618, 6332.60401700001, 6337.72401700002, 6816.96212400001, 6822.08212400001,1
619, 6337.72401700002, 6342.84401700002, 6816.96212400001, 6822.08212400001,1
620, 6240.444017, 6245.564017, 6822.08212400001, 6827.20212400001,1
621, 6245.564017, 6250.684017, 6822.08212400001, 6827.20212400001,1
622, 6250.684017, 6255.804017, 6822.08212400001, 6827.20212400001,1
623, 6255.804017, 6260.924017, 6822.08212400001, 6827.20212400001,1
624, 6260.924017, 6266.044017, 6822.08212400001, 6827.20212400001,1
625, 6266.044017, 6271.164017, 6822.08212400001, 6827.20212400001,1
626, 6271.164017, 6276.28401700001, 6822.08212400001, 6827.20212400001,1
627, 6276.28401700001, 6281.40401700001, 6822.08212400001, 6827.20212400001,1
628, 6281.40401700001, 6286.52401700001, 6822.08212400001, 6827.20212400001,1
629, 6286.52401700001, 6291.64401700001, 6822.08212400001, 6827.20212400001,1
630, 6291.64401700001, 6296.76401700001, 6822.08212400001, 6827.20212400001,1
631, 6296.76401700001, 6301.88401700001, 6822.08212400001, 6827.20212400001,1
632, 6301.88401700001, 6307.00401700001, 6822.08212400001, 6827.20212400001,1
633, 6307.00401700001, 6312.12401700001, 6822.08212400001, 6827.20212400001,1
634, 6312.12401700001, 6317.24401700001, 6822.08212400001, 6827.20212400001,1
635, 6317.24401700001, 6322.36401700001, 6822.08212400001, 6827.20212400001,1
636, 6322.36401700001, 6327.48401700001, 6822.08212400001, 6827.20212400001,1
637, 6327.48401700001, 6332.60401700001, 6822.08212400001, 6827.20212400001,1
638, 6332.60401700001, 6337.72401700002, 6822.08212400001, 6827.20212400001,1
639, 6337.72401700002, 6342.84401700002, 6822.08212400001, 6827.20212400001,1
640, 6240.444017, 6245.564017, 6827.20212400001, 6832.32212400001,1
641, 6245.564017, 6250.684017, 6827.20212400001, 6832.32212400001,1
642, 6250.684017, 6255.804017, 6827.20212400001, 6832.32212400001,1
643, 6255.804017, 6260.924017, 6827.20212400001, 6832.32212400001,1
644, 6260.924017, 6266.044017, 6827.20212400001, 6832.32212400001,1
645, 6266.044017, 6271.164017, 6827.20212400001, 6832.32212400001,1
646, 6271.164017, 6276.28401700001, 6827.20212400001, 6832.32212400001,1
647, 6276.28401700001, 6281.40401700001, 6827.20212400001, 6832.32212400001,1
648, 6281.40401700001, 6286.52401700001, 6827.20212400001, 6832.32212400001,1
649, 6286.52401700001, 6291.64401700001, 6827.20212400001, 6832.32212400001,1
650, 6291.64401700001, 6296.76401700001, 6827.20212400001, 6832.32212400001,1
651, 6296.76401700001, 6301.88401700001, 6827.20212400001, 6832.32212400001,1
652, 6301.88401700001, 6307.00401700001, 6827.20212400001, 6832.32212400001,1
653, 6307.00401700001, 6312.12401700001, 6827.20212400001, 6832.32212400001,1
654, 6312.12401700001, 6317.24401700001, 6827.20212400001, 6832.32212400001,1
655, 6317.24401700001, 6322.36401700001, 6827.20212400001, 6832.32212400001,1
656, 6322.36401700001, 6327.48401700001, 6827.20212400001, 6832.32212400001,1
657, 6327.48401700001, 6332.60401700001, 6827.20212400001, 6832.32212400001,1
658, 6332.60401700001, 6337.72401700002, 6827.20212400001, 6832.32212400001,1
659, 6337.72401700002, 6342.84401700002, 6827.20212400001, 6832.32212400001,1
660, 6240.444017, 6245.564017, 6832.32212400001, 6837.44212400001,1
661, 6245.564017, 6250.684017, 6832.32212400001, 6837.44212400001,1
662, 6250.684017, 6255.804017, 6832.32212400001, 6837.44212400001,1
663, 6255.804017, 6260.924017, 6832.32212400001, 6837.44212400001,1
664, 6260.924017, 6266.044017, 6832.32212400001, 6837.44212400001,1
665, 6266.044017, 6271.164017, 6832.32212400001, 6837.44212400001,1
666, 6271.164017, 6276.28401700001, 6832.32212400001, 6837.44212400001,1
667, 6276.28401700001, 6281.40401700001, 6832.32212400001, 6837.44212400001,1
668, 6281.40401700001, 6286.52401700001, 6832.32212400001, 6837.44212400001,1
669, 6286.52401700001, 6291.64401700001, 6832.32212400001, 6837.44212400001,1
670, 6291.64401700001, 6296.76401700001, 6832.32212400001, 6837.44212400001,1
671, 6296.76401700001, 6301.88401700001, 6832.32212400001, 6837.44212400001,1
672, 6301.88401700001, 6307.00401700001, 6832.32212400001, 6837.44212400001,1
673, 6307.00401700001, 6312.12401700001, 6832.32212400001, 6837.44212400001,1
674, 6312.12401700001, 6317.24401700001, 6832.32212400001, 6837.44212400001,1
675, 6317.24401700001, 6322.36401700001, 6832.32212400001, 6837.44212400001,1
676, 6322.36401700001, 6327.48401700001, 6832.32212400001, 6837.44212400001,1
677, 6327.48401700001, 6332.60401700001, 6832.32212400001, 6837.44212400001,1
678, 6332.60401700001, 6337.72401700002, 6832.32212400001, 6837.44212400001,1
679, 6337.72401700002, 6342.84401700002, 6832.32212400001, 6837.44212400001,1
680, 6240.444017, 6245.564017, 6837.44212400001, 6842.56212400001,1
681, 6245.564017, 6250.684017, 6837.44212400001, 6842.56212400001,1
682, 6250.684017, 6255.804017, 6837.44212400001, 6842.56212400001,1
683, 6255.804017, 6260.924017, 6837.44212400001, 6842.56212400001,1
684, 6260.924017, 6266.044017, 6837.44212400001, 6842.56212400001,1
685, 6266.044017, 6271.164017, 6837.44212400001, 6842.56212400001,1
686, 6271.164017, 6276.28401700001, 6837.44212400001, 6842.56212400001,1
687, 6276.28401700001, 6281.40401700001, 6837.44212400001, 6842.56212400001,1
688, 6281.40401700001, 6286.52401700001, 6837.44212400001, 6842.56212400001,1
689, 6286.52401700001, 6291.64401700001, 6837.44212400001, 6842.56212400001,1
690, 6291.64401700001, 6296.76401700001, 6837.44212400001, 6842.56212400001,1
691, 6296.76401700001, 6301.88401700001, 6837.44212400001, 6842.56212400001,1
692, 6301.88401700001, 6307.00401700001, 6837.44212400001, 6842.56212400001,1
693, 6307.00401700001, 6312.12401700001, 6837.44212400001, 6842.56212400001,1
694, 6312.12401700001, 6317.24401700001, 6837.44212400001, 6842.56212400001,1
695, 6317.24401700001, 6322.36401700001, 6837.44212400001, 6842.56212400001,1
696, 6322.36401700001, 6327.48401700001, 6837.44212400001, 6842.56212400001,1
697, 6327.48401700001, 6332.60401700001, 6837.44212400001, 6842.56212400001,1
698, 6332.60401700001, 6337.72401700002, 6837.44212400001, 6842.56212400001,1
699, 6337.72401700002, 6342.84401700002, 6837.44212400001, 6842.56212400001,1
700, 6240.444017, 6245.564017, 6842.56212400001, 6847.68212400001,1
701, 6245.564017, 6250.684017, 6842.56212400001, 6847.68212400001,1
702, 6250.684017, 6255.804017, 6842.56212400001, 6847.68212400001,1
703, 6255.804017, 6260.924017, 6842.56212400001, 6847.68212400001,1
704, 6260.924017, 6266.044017, 6842.56212400001, 6847.68212400001,1
705, 6266.044017, 6271.164017, 6842.56212400001, 6847.68212400001,1
706, 6271.164017, 6276.28401700001, 6842.56212400001, 6847.68212400001,1
707, 6276.28401700001, 6281.40401700001, 6842.56212400001, 6847.68212400001,1
708, 6281.40401700001, 6286.52401700001, 6842.56212400001, 6847.68212400001,1
709, 6286.52401700001, 6291.64401700001, 6842.56212400001, 6847.68212400001,1
710, 6291.64401700001, 6296.76401700001, 6842.56212400001, 6847.68212400001,1
711, 6296.76401700001, 6301.88401700001, 6842.56212400001, 6847.68212400001,1
712, 6301.88401700001, 6307.00401700001, 6842.56212400001, 6847.68212400001,1
713, 6307.00401700001, 6312.12401700001, 6842.56212400001, 6847.68212400001,1
714, 6312.12401700001, 6317.24401700001, 6842.56212400001, 6847.68212400001,1
715, 6317.24401700001, 6322.36401700001, 6842.56212400001, 6847.68212400001,1
716, 6322.36401700001, 6327.48401700001, 6842.56212400001, 6847.68212400001,1
717, 6327.48401700001, 6332.60401700001, 6842.56212400001, 6847.68212400001,1
718, 6332.60401700001, 6337.72401700002, 6842.56212400001, 6847.68212400001,1
719, 6337.72401700002, 6342.84401700002, 6842.56212400001, 6847.68212400001,1
720, 6240.444017, 6245.564017, 6847.68212400001, 6852.80212400001,1
721, 6245.564017, 6250.684017, 6847.68212400001, 6852.80212400001,1
722, 6250.684017, 6255.804017, 6847.68212400001, 6852.80212400001,1
723, 6255.804017, 6260.924017, 6847.68212400001, 6852.80212400001,1
724, 6260.924017, 6266.044017, 6847.68212400001, 6852.80212400001,1
725, 6266.044017, 6271.164017, 6847.68212400001, 6852.80212400001,1
726, 6271.164017, 6276.28401700001, 6847.68212400001, 6852.80212400001,1
727, 6276.28401700001, 6281.40401700001, 6847.68212400001, 6852.80212400001,1
728, 6281.40401700001, 6286.52401700001, 6847.68212400001, 6852.80212400001,1
729, 6286.52401700001, 6291.64401700001, 6847.68212400001, 6852.80212400001,1
730, 6291.64401700001, 6296.76401700001, 6847.68212400001, 6852.80212400001,1
731, 6296.76401700001, 6301.88401700001, 6847.68212400001, 6852.80212400001,1
732, 6301.88401700001, 6307.00401700001, 6847.68212400001, 6852.80212400001,1
733, 6307.00401700001, 6312.12401700001, 6847.68212400001, 6852.80212400001,1
734, 6312.12401700001, 6317.24401700001, 6847.68212400001, 6852.80212400001,1
735, 6317.24401700001, 6322.36401700001, 6847.68212400001, 6852.80212400001,1
736, 6322.36401700001, 6327.48401700001, 6847.68212400001, 6852.80212400001,1
737, 6327.48401700001, 6332.60401700001, 6847.68212400001, 6852.80212400001,1
738, 6332.60401700001, 6337.72401700002, 6847.68212400001, 6852.80212400001,1
739, 6337.72401700002, 6342.84401700002, 6847.68212400001, 6852.80212400001,1
740, 6240.444017, 6245.564017, 6852.80212400001, 6857.92212400001,1
741, 6245.564017, 6250.684017, 6852.80212400001, 6857.92212400001,1
742, 6250.684017, 6255.804017, 6852.80212400001, 6857.92212400001,1
743, 6255.804017, 6260.924017, 6852.80212400001, 6857.92212400001,1
744, 6260.924017, 6266.044017, 6852.80212400001, 6857.92212400001,1
745, 6266.044017, 6271.164017, 6852.80212400001, 6857.92212400001,1
746, 6271.164017, 6276.28401700001, 6852.80212400001, 6857.92212400001,1
747, 6276.28401700001, 6281.40401700001, 6852.80212400001, 6857.92212400001,1
748, 6281.40401700001, 6286.52401700001, 6852.80212400001, 6857.92212400001,1
749, 6286.52401700001, 6291.64401700001, 6852.80212400001, 6857.92212400001,1
750, 6291.64401700001, 6296.76401700001, 6852.80212400001, 6857.92212400001,1
751, 6296.76401700001, 6301.88401700001, 6852.80212400001, 6857.92212400001,1
752, 6301.88401700001, 6307.00401700001, 6852.80212400001, 6857.92212400001,1
753, 6307.00401700001, 6312.12401700001, 6852.80212400001, 6857.92212400001,1
754, 6312.12401700001, 6317.24401700001, 6852.80212400001, 6857.92212400001,1
755, 6317.24401700001, 6322.36401700001, 6852.80212400001, 6857.92212400001,1
756, 6322.36401700001, 6327.48401700001, 6852.80212400001, 6857.92212400001,1
757, 6327.48401700001, 6332.60401700001, 6852.80212400001, 6857.92212400001,1
758, 6332.60401700001, 6337.72401700002, 6852.80212400001, 6857.92212400001,1
759, 6337.72401700002, 6342.84401700002, 6852.80212400001, 6857.92212400001,1
760, 6240.444017, 6245.564017, 6857.92212400001, 6863.04212400002,1
761, 6245.564017, 6250.684017, 6857.92212400001, 6863.04212400002,1
762, 6250.684017, 6255.804017, 6857.92212400001, 6863.04212400002,1
763, 6255.804017, 6260.924017, 6857.92212400001, 6863.04212400002,1
764, 6260.924017, 6266.044017, 6857.92212400001, 6863.04212400002,1
765, 6266.044017, 6271.164017, 6857.92212400001, 6863.04212400002,1
766, 6271.164017, 6276.28401700001, 6857.92212400001, 6863.04212400002,1
767, 6276.28401700001, 6281.40401700001, 6857.92212400001, 6863.04212400002,1
768, 6281.40401700001, 6286.52401700001, 6857.92212400001, 6863.04212400002,1
769, 6286.52401700001, 6291.64401700001, 6857.92212400001, 6863.04212400002,1
770, 6291.64401700001, 6296.76401700001, 6857.92212400001, 6863.04212400002,1
771, 6296.76401700001, 6301.88401700001, 6857.92212400001, 6863.04212400002,1
772, 6301.88401700001, 6307.00401700001, 6857.92212400001, 6863.04212400002,1
773, 6307.00401700001, 6312.12401700001, 6857.92212400001, 6863.04212400002,1
774, 6312.12401700001, 6317.24401700001, 6857.92212400001, 6863.04212400002,1
775, 6317.24401700001, 6322.36401700001, 6857.92212400001, 6863.04212400002,1
776, 6322.36401700001, 6327.48401700001, 6857.92212400001, 6863.04212400002,1
777, 6327.48401700001, 6332.60401700001, 6857.92212400001, 6863.04212400002,1
778, 6332.60401700001, 6337.72401700002, 6857.92212400001, 6863.04212400002,1
779, 6337.72401700002, 6342.84401700002, 6857.92212400001, 6863.04212400002,1
780, 6240.444017, 6245.564017, 6863.04212400002, 6868.16212400002,1
781, 6245.564017, 6250.684017, 6863.04212400002, 6868.16212400002,1
782, 6250.684017, 6255.804017, 6863.04212400002, 6868.16212400002,1
783, 6255.804017, 6260.924017, 6863.04212400002, 6868.16212400002,1
784, 6260.924017, 6266.044017, 6863.04212400002, 6868.16212400002,1
785, 6266.044017, 6271.164017, 6863.04212400002, 6868.16212400002,1
786, 6271.164017, 6276.28401700001, 6863.04212400002, 6868.16212400002,1
787, 6276.28401700001, 6281.40401700001, 6863.04212400002, 6868.16212400002,1
788, 6281.40401700001, 6286.52401700001, 6863.04212400002, 6868.16212400002,1
789, 6286.52401700001, 6291.64401700001, 6863.04212400002, 6868.16212400002,1
790, 6291.64401700001, 6296.76401700001, 6863.04212400002, 6868.16212400002,1
791, 6296.76401700001, 6301.88401700001, 6863.04212400002, 6868.16212400002,1
792, 6301.88401700001, 6307.00401700001, 6863.04212400002, 6868.16212400002,1
793, 6307.00401700001, 6312.12401700001, 6863.04212400002, 6868.16212400002,1
794, 6312.12401700001, 6317.24401700001, 6863.04212400002, 6868.16212400002,1
795, 6317.24401700001, 6322.36401700001, 6863.04212400002, 6868.16212400002,1
796, 6322.36401700001, 6327.48401700001, 6863.04212400002, 6868.16212400002,1
797, 6327.48401700001, 6332.60401700001, 6863.04212400002, 6868.16212400002,1
798, 6332.60401700001, 6337.72401700002, 6863.04212400002, 6868.16212400002,1
799, 6337.72401700002, 6342.84401700002, 6863.04212400002, 6868.16212400002,1
